lactation,milk_days
1,192.32980599647266
2,190.21812596006146
3,195.54255319148936
4,193.3415300546448
5,203.62790697674419
6,180.33802816901408
7,179.7391304347826
8,140.4
9,273.0
