lactation,profitable %
1,27.908035511040293
2,45.58987718645329
3,48.45212383009359
4,46.69811320754717
5,44.48529411764706
6,32.6530612244898
7,17.24137931034483
8,16.666666666666664
9,0.0
